{"stats":{"minecraft:mined":{"minecraft:oak_log":15,"minecraft:tall_grass":2,"minecraft:stone":11,"minecraft:crafting_table":1},"minecraft:used":{"minecraft:wooden_axe":19,"minecraft:crafting_table":2,"minecraft:wooden_pickaxe":11},"minecraft:picked_up":{"minecraft:crafting_table":1,"minecraft:brown_wool":1,"minecraft:wheat_seeds":1,"minecraft:pink_wool":1,"minecraft:oak_log":15,"minecraft:mutton":4,"minecraft:cobblestone":11},"minecraft:custom":{"minecraft:time_since_rest":5548,"minecraft:crouch_one_cm":22,"minecraft:play_time":5548,"minecraft:sprint_one_cm":8498,"minecraft:damage_taken":40,"minecraft:walk_one_cm":11309,"minecraft:sneak_time":60,"minecraft:mob_kills":3,"minecraft:jump":86,"minecraft:damage_dealt":240,"minecraft:time_since_death":5548,"minecraft:walk_on_water_one_cm":424,"minecraft:total_world_time":5548,"minecraft:fall_one_cm":3338,"minecraft:interact_with_crafting_table":5,"minecraft:fly_one_cm":14810},"minecraft:killed":{"minecraft:sheep":3},"minecraft:crafted":{"minecraft:furnace":1,"minecraft:oak_planks":60,"minecraft:crafting_table":1,"minecraft:stick":8,"minecraft:wooden_pickaxe":1,"minecraft:stone_pickaxe":1,"minecraft:wooden_axe":1}},"DataVersion":3463}