{"stats":{"minecraft:killed":{"minecraft:pig":4,"minecraft:spider":2,"minecraft:sheep":4,"minecraft:cow":4},"minecraft:custom":{"minecraft:interact_with_furnace":9,"minecraft:mob_kills":14,"minecraft:interact_with_crafting_table":11,"minecraft:leave_game":1,"minecraft:time_since_death":16485,"minecraft:sleep_in_bed":3,"minecraft:climb_one_cm":1625,"minecraft:time_since_rest":787,"minecraft:sprint_one_cm":81627,"minecraft:damage_taken":650,"minecraft:walk_one_cm":75328,"minecraft:drop":16,"minecraft:damage_dealt":2383,"minecraft:swim_one_cm":14373,"minecraft:talked_to_villager":1,"minecraft:fly_one_cm":143522,"minecraft:open_chest":2,"minecraft:crouch_one_cm":22,"minecraft:play_time":33691,"minecraft:deaths":1,"minecraft:sneak_time":133,"minecraft:walk_under_water_one_cm":1199,"minecraft:jump":783,"minecraft:walk_on_water_one_cm":8531,"minecraft:total_world_time":33691,"minecraft:fall_one_cm":20238},"minecraft:broken":{"minecraft:wooden_axe":1},"minecraft:crafted":{"minecraft:cooked_beef":1,"minecraft:oak_planks":128,"minecraft:cooked_porkchop":2,"minecraft:crafting_table":1,"minecraft:wooden_pickaxe":1,"minecraft:furnace":1,"minecraft:stone_axe":1,"minecraft:bread":48,"minecraft:cooked_mutton":5,"minecraft:air":0,"minecraft:stick":16,"minecraft:stone_pickaxe":2,"minecraft:wooden_axe":1,"minecraft:torch":16,"minecraft:wheat":144},"minecraft:mined":{"minecraft:white_bed":3,"minecraft:crafting_table":6,"minecraft:torch":1,"minecraft:grass_block":4,"minecraft:tall_grass":3,"minecraft:oak_planks":3,"minecraft:diorite":2,"minecraft:wall_torch":1,"minecraft:hay_block":16,"minecraft:furnace":2,"minecraft:andesite":9,"minecraft:grass":17,"minecraft:oak_log":33,"minecraft:coal_ore":12,"minecraft:dirt":4,"minecraft:stone":40,"minecraft:oak_leaves":1},"minecraft:picked_up":{"minecraft:crafting_table":7,"minecraft:feather":1,"minecraft:cooked_beef":4,"minecraft:andesite":10,"minecraft:brown_wool":1,"minecraft:leather":6,"minecraft:pink_wool":2,"minecraft:oak_log":32,"minecraft:dirt":8,"minecraft:wheat_seeds":10,"minecraft:iron_ingot":4,"minecraft:beef":16,"minecraft:stone_pickaxe":1,"minecraft:poppy":1,"minecraft:oak_planks":81,"minecraft:furnace":3,"minecraft:torch":8,"minecraft:porkchop":10,"minecraft:diorite":4,"minecraft:white_bed":3,"minecraft:stone_axe":1,"minecraft:hay_block":17,"minecraft:bread":28,"minecraft:mutton":6,"minecraft:coal":27,"minecraft:white_wool":3,"minecraft:cobblestone":69},"minecraft:used":{"minecraft:cooked_mutton":2,"minecraft:stone_pickaxe":68,"minecraft:oak_planks":3,"minecraft:wooden_pickaxe":12,"minecraft:white_wool":1,"minecraft:torch":4,"minecraft:dirt":8,"minecraft:crafting_table":6,"minecraft:white_bed":2,"minecraft:wooden_axe":43,"minecraft:stone_axe":69,"minecraft:furnace":2,"minecraft:cooked_porkchop":2,"minecraft:andesite":10,"minecraft:cooked_beef":2},"minecraft:killed_by":{"minecraft:skeleton":1},"minecraft:dropped":{"minecraft:bread":28,"minecraft:wheat_seeds":7,"minecraft:feather":1,"minecraft:leather":3,"minecraft:cooked_mutton":3,"minecraft:poppy":1,"minecraft:hay_block":1,"minecraft:torch":8,"minecraft:stone_pickaxe":1,"minecraft:white_wool":1}},"DataVersion":3463}