{"stats":{"minecraft:mined":{"minecraft:white_bed":2,"minecraft:smoker":2,"minecraft:crafting_table":4,"minecraft:grass_block":3,"minecraft:cobblestone":10,"minecraft:spruce_leaves":4,"minecraft:oak_planks":11,"minecraft:blue_bed":2,"minecraft:large_fern":1,"minecraft:purple_bed":3,"minecraft:furnace":2,"minecraft:iron_ore":3,"minecraft:fire":3,"minecraft:sweet_berry_bush":9,"minecraft:spruce_log":14,"minecraft:grass":7,"minecraft:oak_log":12,"minecraft:coal_ore":13,"minecraft:dirt":2,"minecraft:stone":28,"minecraft:fern":1},"minecraft:killed_by":{"minecraft:skeleton":1},"minecraft:killed":{"minecraft:pig":8,"minecraft:spider":2,"minecraft:iron_golem":1,"minecraft:skeleton":1,"minecraft:enderman":1},"minecraft:crafted":{"minecraft:oak_planks":44,"minecraft:cooked_porkchop":15,"minecraft:crafting_table":2,"minecraft:wooden_pickaxe":1,"minecraft:baked_potato":8,"minecraft:furnace":3,"minecraft:stone_axe":1,"minecraft:air":0,"minecraft:oak_boat":1,"minecraft:iron_axe":1,"minecraft:stick":12,"minecraft:iron_ingot":5,"minecraft:iron_pickaxe":1,"minecraft:stone_pickaxe":1,"minecraft:smoker":2},"minecraft:picked_up":{"minecraft:crafting_table":5,"minecraft:wooden_pickaxe":2,"minecraft:smoker":2,"minecraft:potato":10,"minecraft:oak_log":15,"minecraft:blue_bed":1,"minecraft:dirt":1,"minecraft:wooden_sword":2,"minecraft:wheat_seeds":6,"minecraft:iron_ingot":7,"minecraft:stone_pickaxe":2,"minecraft:oak_boat":4,"minecraft:poppy":2,"minecraft:oak_planks":33,"minecraft:egg":1,"minecraft:furnace":2,"minecraft:raw_iron":2,"minecraft:stick":2,"minecraft:sweet_berries":20,"minecraft:torch":2,"minecraft:porkchop":15,"minecraft:white_bed":2,"minecraft:spruce_log":14,"minecraft:spider_eye":1,"minecraft:purple_bed":3,"minecraft:stone_axe":1,"minecraft:bread":20,"minecraft:oak_sapling":4,"minecraft:coal":19,"minecraft:cobblestone":40,"minecraft:ender_pearl":1},"minecraft:used":{"minecraft:baked_potato":5,"minecraft:stone_pickaxe":11,"minecraft:oak_planks":19,"minecraft:wooden_pickaxe":3,"minecraft:torch":1,"minecraft:dirt":1,"minecraft:crafting_table":6,"minecraft:white_bed":2,"minecraft:smoker":2,"minecraft:iron_axe":3,"minecraft:bread":6,"minecraft:iron_pickaxe":44,"minecraft:stone_axe":78,"minecraft:golden_sword":3,"minecraft:cobblestone":5,"minecraft:purple_bed":1,"minecraft:sweet_berries":2,"minecraft:cooked_porkchop":4,"minecraft:oak_boat":4,"minecraft:egg":1},"minecraft:custom":{"minecraft:interact_with_furnace":21,"minecraft:mob_kills":13,"minecraft:interact_with_crafting_table":22,"minecraft:leave_game":1,"minecraft:time_since_death":44623,"minecraft:sleep_in_bed":1,"minecraft:climb_one_cm":60,"minecraft:time_since_rest":19231,"minecraft:sprint_one_cm":215274,"minecraft:damage_taken":945,"minecraft:walk_one_cm":88818,"minecraft:drop":13,"minecraft:damage_dealt":2723,"minecraft:talked_to_villager":1,"minecraft:swim_one_cm":17287,"minecraft:fly_one_cm":282295,"minecraft:open_chest":4,"minecraft:crouch_one_cm":15942,"minecraft:play_time":52158,"minecraft:deaths":1,"minecraft:sneak_time":4471,"minecraft:walk_under_water_one_cm":1668,"minecraft:boat_one_cm":65412,"minecraft:jump":1387,"minecraft:walk_on_water_one_cm":6745,"minecraft:total_world_time":52158,"minecraft:interact_with_smoker":12,"minecraft:fall_one_cm":37554},"minecraft:dropped":{"minecraft:iron_ingot":1,"minecraft:stone_axe":1,"minecraft:wheat_seeds":1,"minecraft:cobblestone":1,"minecraft:oak_sapling":4,"minecraft:wooden_sword":1,"minecraft:spider_eye":1,"minecraft:stone_pickaxe":2,"minecraft:wooden_pickaxe":1}},"DataVersion":3463}