{"stats":{"minecraft:mined":{"minecraft:podzol":2,"minecraft:white_bed":1,"minecraft:mossy_cobblestone":1,"minecraft:crafting_table":1,"minecraft:grass_block":3,"minecraft:cobblestone":1,"minecraft:tall_grass":5,"minecraft:spruce_leaves":4,"minecraft:oak_planks":1,"minecraft:blue_bed":1,"minecraft:purple_bed":1,"minecraft:coarse_dirt":1,"minecraft:fire":4,"minecraft:sweet_berry_bush":4,"minecraft:iron_ore":12,"minecraft:spruce_log":13,"minecraft:grass":7,"minecraft:oak_log":28,"minecraft:coal_ore":16,"minecraft:dirt":11,"minecraft:stone":33,"minecraft:fern":1},"minecraft:killed_by":{"minecraft:zombie":1},"minecraft:killed":{"minecraft:pig":8,"minecraft:spider":1,"minecraft:sheep":11,"minecraft:cow":3},"minecraft:picked_up":{"minecraft:coarse_dirt":1,"minecraft:leather":3,"minecraft:wooden_pickaxe":1,"minecraft:potato":2,"minecraft:oak_log":24,"minecraft:blue_bed":1,"minecraft:dirt":18,"minecraft:string":2,"minecraft:apple":2,"minecraft:wheat_seeds":2,"minecraft:beef":6,"minecraft:iron_ingot":1,"minecraft:stone_pickaxe":1,"minecraft:egg":2,"minecraft:raw_iron":12,"minecraft:sweet_berries":9,"minecraft:torch":1,"minecraft:porkchop":15,"minecraft:white_bed":2,"minecraft:spruce_log":13,"minecraft:spider_eye":3,"minecraft:mossy_cobblestone":1,"minecraft:purple_bed":1,"minecraft:rotten_flesh":3,"minecraft:stone_axe":1,"minecraft:bread":16,"minecraft:oak_sapling":4,"minecraft:mutton":18,"minecraft:coal":16,"minecraft:white_wool":11,"minecraft:cobblestone":35},"minecraft:crafted":{"minecraft:cooked_beef":6,"minecraft:wooden_sword":1,"minecraft:oak_planks":48,"minecraft:cooked_porkchop":10,"minecraft:crafting_table":1,"minecraft:wooden_pickaxe":1,"minecraft:iron_sword":1,"minecraft:furnace":2,"minecraft:stone_axe":1,"minecraft:air":0,"minecraft:stick":16,"minecraft:stone_pickaxe":1,"minecraft:iron_ingot":7,"minecraft:iron_pickaxe":1,"minecraft:stone_sword":1,"minecraft:white_bed":2},"minecraft:used":{"minecraft:stone_sword":34,"minecraft:stone_pickaxe":33,"minecraft:wooden_pickaxe":29,"minecraft:iron_sword":42,"minecraft:dirt":18,"minecraft:crafting_table":1,"minecraft:white_bed":1,"minecraft:apple":2,"minecraft:bread":16,"minecraft:iron_pickaxe":2,"minecraft:stone_axe":40,"minecraft:furnace":2,"minecraft:cooked_porkchop":2,"minecraft:potato":1},"minecraft:custom":{"minecraft:interact_with_furnace":21,"minecraft:mob_kills":24,"minecraft:interact_with_crafting_table":7,"minecraft:leave_game":1,"minecraft:time_since_death":1404,"minecraft:sleep_in_bed":1,"minecraft:climb_one_cm":670,"minecraft:time_since_rest":1443,"minecraft:sprint_one_cm":276484,"minecraft:damage_taken":860,"minecraft:walk_one_cm":124793,"minecraft:drop":20,"minecraft:damage_dealt":2769,"minecraft:swim_one_cm":43154,"minecraft:fly_one_cm":412714,"minecraft:open_chest":6,"minecraft:crouch_one_cm":621,"minecraft:play_time":65963,"minecraft:deaths":1,"minecraft:sneak_time":753,"minecraft:walk_under_water_one_cm":5118,"minecraft:boat_one_cm":6263,"minecraft:jump":1656,"minecraft:walk_on_water_one_cm":9833,"minecraft:total_world_time":65963,"minecraft:interact_with_smoker":3,"minecraft:fall_one_cm":42411},"minecraft:dropped":{"minecraft:iron_ingot":1,"minecraft:stone_sword":1,"minecraft:white_bed":1,"minecraft:potato":10,"minecraft:torch":1,"minecraft:oak_sapling":4,"minecraft:wooden_sword":1,"minecraft:wooden_pickaxe":2,"minecraft:stone_pickaxe":2}},"DataVersion":3463}