{"stats":{"minecraft:mined":{"minecraft:grass":5},"minecraft:picked_up":{"minecraft:wheat_seeds":1},"minecraft:custom":{"minecraft:jump":7,"minecraft:time_since_rest":1547,"minecraft:leave_game":3,"minecraft:play_time":1547,"minecraft:sprint_one_cm":1262,"minecraft:walk_on_water_one_cm":404,"minecraft:time_since_death":1547,"minecraft:walk_one_cm":1908,"minecraft:total_world_time":1547,"minecraft:drop":1,"minecraft:fly_one_cm":499},"minecraft:dropped":{"minecraft:wheat_seeds":1}},"DataVersion":3463}