{"stats":{"minecraft:mined":{"minecraft:white_bed":1,"minecraft:dandelion":2,"minecraft:crafting_table":5,"minecraft:grass_block":1,"minecraft:tall_grass":3,"minecraft:cobblestone":7,"minecraft:sugar_cane":11,"minecraft:hay_block":22,"minecraft:tall_seagrass":1,"minecraft:furnace":2,"minecraft:andesite":1,"minecraft:yellow_bed":1,"minecraft:grass":42,"minecraft:oak_log":40,"minecraft:coal_ore":26,"minecraft:stone":65,"minecraft:oak_leaves":7},"minecraft:killed":{"minecraft:pig":13,"minecraft:salmon":8,"minecraft:iron_golem":3,"minecraft:sheep":4,"minecraft:horse":5,"minecraft:skeleton":1,"minecraft:donkey":3,"minecraft:zombie":1,"minecraft:chicken":3,"minecraft:villager":1,"minecraft:cow":13},"minecraft:crafted":{"minecraft:oak_planks":24,"minecraft:crafting_table":1,"minecraft:iron_sword":1,"minecraft:furnace":2,"minecraft:cooked_salmon":2,"minecraft:hay_block":11,"minecraft:stone_axe":1,"minecraft:bread":33,"minecraft:air":0,"minecraft:shield":1,"minecraft:stick":12,"minecraft:stone_sword":1,"minecraft:white_bed":1,"minecraft:wheat":198},"minecraft:picked_up":{"minecraft:crafting_table":5,"minecraft:feather":3,"minecraft:chicken":3,"minecraft:salmon":11,"minecraft:leather":18,"minecraft:oak_log":40,"minecraft:yellow_bed":1,"minecraft:dirt":1,"minecraft:cooked_mutton":2,"minecraft:bone":3,"minecraft:apple":1,"minecraft:wheat_seeds":3,"minecraft:stone_pickaxe":1,"minecraft:iron_ingot":7,"minecraft:beef":20,"minecraft:sugar_cane":24,"minecraft:oak_planks":12,"minecraft:egg":1,"minecraft:furnace":2,"minecraft:torch":12,"minecraft:dandelion":2,"minecraft:porkchop":26,"minecraft:white_bed":1,"minecraft:arrow":2,"minecraft:hay_block":22,"minecraft:bread":8,"minecraft:mutton":5,"minecraft:coal":26,"minecraft:white_wool":3,"minecraft:cobblestone":69},"minecraft:used":{"minecraft:cooked_mutton":2,"minecraft:stone_sword":53,"minecraft:stone_pickaxe":101,"minecraft:shield":2,"minecraft:iron_sword":64,"minecraft:cooked_salmon":2,"minecraft:salmon":1,"minecraft:crafting_table":5,"minecraft:white_bed":1,"minecraft:apple":1,"minecraft:chicken":3,"minecraft:bread":5,"minecraft:stone_axe":69,"minecraft:cobblestone":27,"minecraft:furnace":2,"minecraft:egg":1,"minecraft:yellow_bed":1},"minecraft:custom":{"minecraft:interact_with_furnace":4,"minecraft:mob_kills":55,"minecraft:interact_with_crafting_table":10,"minecraft:bell_ring":5,"minecraft:leave_game":6,"minecraft:time_since_death":27449,"minecraft:sleep_in_bed":1,"minecraft:climb_one_cm":261,"minecraft:time_since_rest":3891,"minecraft:sprint_one_cm":82764,"minecraft:damage_taken":425,"minecraft:walk_one_cm":21053,"minecraft:damage_blocked_by_shield":135,"minecraft:drop":16,"minecraft:damage_dealt":8422,"minecraft:swim_one_cm":23408,"minecraft:fly_one_cm":159302,"minecraft:open_chest":2,"minecraft:crouch_one_cm":3296,"minecraft:play_time":27449,"minecraft:sneak_time":1785,"minecraft:walk_under_water_one_cm":2948,"minecraft:jump":834,"minecraft:walk_on_water_one_cm":8206,"minecraft:total_world_time":27449,"minecraft:fall_one_cm":26145},"minecraft:dropped":{"minecraft:bread":10,"minecraft:wheat_seeds":3,"minecraft:stone_sword":1,"minecraft:dandelion":2}},"DataVersion":3463}