{"stats":{"minecraft:mined":{"minecraft:white_bed":4,"minecraft:glass_pane":1,"minecraft:dandelion":2,"minecraft:brewing_stand":1,"minecraft:crafting_table":5,"minecraft:emerald_ore":2,"minecraft:grass_block":5,"minecraft:tall_grass":8,"minecraft:cobblestone":12,"minecraft:oak_planks":6,"minecraft:sugar_cane":23,"minecraft:hay_block":22,"minecraft:tall_seagrass":1,"minecraft:furnace":2,"minecraft:andesite":1,"minecraft:yellow_bed":2,"minecraft:grass":99,"minecraft:oak_log":49,"minecraft:coal_ore":27,"minecraft:dirt":14,"minecraft:stripped_oak_log":12,"minecraft:stone":90,"minecraft:oak_leaves":7},"minecraft:killed":{"minecraft:pig":15,"minecraft:salmon":8,"minecraft:spider":5,"minecraft:iron_golem":6,"minecraft:horse":5,"minecraft:sheep":4,"minecraft:skeleton":3,"minecraft:donkey":3,"minecraft:zombie":7,"minecraft:chicken":5,"minecraft:villager":1,"minecraft:cow":13},"minecraft:crafted":{"minecraft:oak_planks":72,"minecraft:crafting_table":1,"minecraft:iron_sword":1,"minecraft:furnace":2,"minecraft:cooked_salmon":2,"minecraft:bucket":1,"minecraft:hay_block":11,"minecraft:stone_axe":1,"minecraft:bread":66,"minecraft:air":0,"minecraft:iron_boots":1,"minecraft:iron_chestplate":1,"minecraft:shield":1,"minecraft:stick":12,"minecraft:iron_pickaxe":1,"minecraft:stone_sword":1,"minecraft:white_bed":1,"minecraft:wheat":297},"minecraft:picked_up":{"minecraft:stripped_oak_log":12,"minecraft:crafting_table":5,"minecraft:feather":4,"minecraft:chicken":5,"minecraft:salmon":11,"minecraft:leather":18,"minecraft:oak_log":49,"minecraft:brewing_stand":1,"minecraft:yellow_bed":2,"minecraft:gunpowder":1,"minecraft:string":2,"minecraft:dirt":34,"minecraft:cooked_mutton":2,"minecraft:bone":5,"minecraft:apple":1,"minecraft:wheat_seeds":15,"minecraft:stone_pickaxe":1,"minecraft:iron_ingot":21,"minecraft:beef":20,"minecraft:poppy":1,"minecraft:sugar_cane":49,"minecraft:oak_planks":19,"minecraft:egg":2,"minecraft:furnace":2,"minecraft:stick":2,"minecraft:torch":12,"minecraft:dandelion":2,"minecraft:porkchop":32,"minecraft:white_bed":4,"minecraft:arrow":4,"minecraft:rotten_flesh":2,"minecraft:hay_block":22,"minecraft:emerald":2,"minecraft:bread":10,"minecraft:mutton":5,"minecraft:coal":27,"minecraft:white_wool":3,"minecraft:cobblestone":98},"minecraft:used":{"minecraft:cooked_mutton":2,"minecraft:water_bucket":7,"minecraft:stone_sword":53,"minecraft:stone_pickaxe":102,"minecraft:oak_planks":22,"minecraft:shield":5,"minecraft:iron_sword":152,"minecraft:cooked_salmon":2,"minecraft:salmon":1,"minecraft:dirt":3,"minecraft:crafting_table":5,"minecraft:white_bed":3,"minecraft:apple":1,"minecraft:chicken":4,"minecraft:bread":28,"minecraft:iron_pickaxe":34,"minecraft:iron_boots":1,"minecraft:stone_axe":99,"minecraft:cobblestone":28,"minecraft:furnace":2,"minecraft:bucket":8,"minecraft:egg":2,"minecraft:yellow_bed":1},"minecraft:custom":{"minecraft:interact_with_furnace":4,"minecraft:mob_kills":77,"minecraft:interact_with_crafting_table":17,"minecraft:bell_ring":5,"minecraft:leave_game":10,"minecraft:time_since_death":75018,"minecraft:sleep_in_bed":2,"minecraft:climb_one_cm":261,"minecraft:time_since_rest":45211,"minecraft:sprint_one_cm":211802,"minecraft:damage_taken":1235,"minecraft:walk_one_cm":66845,"minecraft:damage_blocked_by_shield":315,"minecraft:drop":44,"minecraft:damage_dealt":14276,"minecraft:swim_one_cm":37301,"minecraft:fly_one_cm":478186,"minecraft:open_chest":4,"minecraft:crouch_one_cm":3983,"minecraft:play_time":75018,"minecraft:sneak_time":2708,"minecraft:walk_under_water_one_cm":8514,"minecraft:jump":2018,"minecraft:walk_on_water_one_cm":14387,"minecraft:total_world_time":75018,"minecraft:fall_one_cm":60615},"minecraft:dropped":{"minecraft:bread":37,"minecraft:wheat_seeds":15,"minecraft:stone_sword":1,"minecraft:rotten_flesh":2,"minecraft:poppy":1,"minecraft:gunpowder":1,"minecraft:stone_pickaxe":1,"minecraft:dandelion":2}},"DataVersion":3463}